id,name,model_id:id,group_id:id,perm_read,perm_write,perm_create,perm_unlink

access__model_kw_excise_barcode__group_kw_checkbox_user,access__model_kw_excise_barcode__group_kw_checkbox_user,model_kw_excise_barcode,kw_checkbox.group_kw_checkbox_user,1,0,0,0
access__model_kw_excise_barcode__group_kw_checkbox_manager,access__model_kw_excise_barcode__group_kw_checkbox_manager,model_kw_excise_barcode,kw_checkbox.group_kw_checkbox_manager,1,1,1,0
access__model_kw_excise_barcode__group_kw_checkbox_admin,access__model_kw_excise_barcode__group_kw_checkbox_admin,model_kw_excise_barcode,kw_checkbox.group_kw_checkbox_admin,1,1,1,1
